<?xml version="1.0" encoding="UTF-8"?>
<project-private xmlns="http://www.netbeans.org/ns/project-private/1">
    <editor-bookmarks xmlns="http://www.netbeans.org/ns/editor-bookmarks/2" lastBookmarkId="0"/>
    <open-files xmlns="http://www.netbeans.org/ns/projectui-open-files/2">
        <group>
            <file>file:/E:/Software%20Engineering/AirLineManagement/src/airlinemanagement/MaintenanceDashboard.java</file>
            <file>file:/E:/Software%20Engineering/AirLineManagement/src/airlinemanagement/ManagePilot.java</file>
            <file>file:/E:/Software%20Engineering/AirLineManagement/src/airlinemanagement/loginpage.java</file>
            <file>file:/E:/Software%20Engineering/AirLineManagement/src/airlinemanagement/UserSession.java</file>
        </group>
    </open-files>
</project-private>
